EmployeeID,EmployeeFirstName,EmployeeLastname,EmployeeEmail
1,sasi,sasi,sasi@gmail.com
2,sai,sai,sasi@gmail.com
3,prasad,prasad,sasi@gmail.com
4,kavitha,kavitha,sasi@gmail.com
5,bhargavi,bhargavi,sasi@gmail.com
6,deep,deep,sasi@gmail.com
7,krishna,krishna,sasi@gmail.com
8,prudhvi,prudhvi,sasi@gmail.com
9,kajivara,kajivara,sasi@gmail.com
10,lakshmi,lakshmi,sasi@gmail.com
